source,id,name,p_value,term_size,intersection_size,parents,no_upregulated_genes,no_downregulated_genes
GO:BP,GO:0032774,RNA biosynthetic process,0.0035925597863672633,2888,1097,"['GO:0016070', 'GO:0141187']",775,322
GO:BP,GO:0016070,RNA metabolic process,0.005038033674397938,3034,1144,['GO:0090304'],805,339
GO:BP,GO:0050684,regulation of mRNA processing,0.008103185953855608,111,61,"['GO:0006397', 'GO:1903311']",50,11
GO:BP,GO:0002682,regulation of immune system process,0.008103185953855608,898,368,"['GO:0002376', 'GO:0050789']",232,136
GO:BP,GO:0051252,regulation of RNA metabolic process,0.008103185953855608,2304,880,"['GO:0016070', 'GO:0019219', 'GO:0060255']",609,271
GO:BP,GO:0034654,nucleobase-containing compound biosynthetic process,0.008103185953855608,3188,1190,"['GO:0006139', 'GO:0009058']",800,390
GO:BP,GO:0141187,nucleic acid biosynthetic process,0.008103185953855608,2965,1113,"['GO:0009059', 'GO:0034654', 'GO:0090304']",784,329
TF,TF:M00189_1,Factor: AP-2; motif: MKCCCSCNGGCG; match class: 1,0.01041665326793948,2807,1059,['TF:M00189'],646,413
KEGG,KEGG:05150,Staphylococcus aureus infection,0.011995544578718162,20,16,['KEGG:00000'],16,0
GO:BP,GO:0009058,biosynthetic process,0.013278369172375768,5143,1865,['GO:0008152'],1104,761
GO:BP,GO:0006351,DNA-templated transcription,0.014378899516553181,2220,843,"['GO:0010467', 'GO:0032774']",571,272
GO:BP,GO:0043484,regulation of RNA splicing,0.014378899516553181,156,79,"['GO:0008380', 'GO:0010468', 'GO:0080090']",67,12
GO:BP,GO:0007159,leukocyte cell-cell adhesion,0.014378899516553181,221,106,['GO:0098609'],65,41
GO:BP,GO:2001141,regulation of RNA biosynthetic process,0.016481670201197045,2120,806,"['GO:0010556', 'GO:0032774', 'GO:0051252']",550,256
GO:BP,GO:1903037,regulation of leukocyte cell-cell adhesion,0.016481670201197045,203,98,"['GO:0007159', 'GO:0022407']",60,38
TF,TF:M02820,Factor: Tcfap2b; motif: NYGCCYNARGGCAN,0.01803704966958836,4847,1760,['TF:M00000'],984,776
TF,TF:M03811_1,Factor: AP-2gamma; motif: GCCYNCRGSN; match class: 1,0.01803704966958836,1662,643,['TF:M03811'],373,270
TF,TF:M00793,Factor: YY1; motif: GCCATNTTN,0.01803704966958836,2828,1057,['TF:M00000'],650,407
GO:BP,GO:0006355,regulation of DNA-templated transcription,0.02282936881871284,2114,802,"['GO:0006351', 'GO:0010468', 'GO:2001141']",546,256
GO:BP,GO:0010467,gene expression,0.02438800947309825,4178,1525,['GO:0009059'],975,550
GO:BP,GO:0019219,regulation of nucleobase-containing compound metabolic process,0.024563020455312865,2523,946,"['GO:0006139', 'GO:0080090']",653,293
GO:BP,GO:1903706,regulation of hemopoiesis,0.029382613927018908,264,121,"['GO:0002682', 'GO:0030097', 'GO:0060284', 'GO:2000026']",87,34
TF,TF:M00800_1,Factor: AP-2; motif: GSCCSCRGGCNRNRNN; match class: 1,0.03065249957954602,1843,704,['TF:M00800'],445,259
GO:BP,GO:0090304,nucleic acid metabolic process,0.032398267188610726,3415,1257,"['GO:0006139', 'GO:0043170']",870,387
GO:BP,GO:0045581,negative regulation of T cell differentiation,0.03674179813053435,30,21,"['GO:0030217', 'GO:0045580', 'GO:0045620', 'GO:0050868']",13,8
GO:BP,GO:0006396,RNA processing,0.037625193982144874,831,334,"['GO:0010467', 'GO:0032774', 'GO:0044238']",271,63
GO:BP,GO:0010468,regulation of gene expression,0.037625193982144874,3086,1139,"['GO:0010467', 'GO:0010556']",757,382
GO:BP,GO:0050863,regulation of T cell activation,0.037625193982144874,202,95,"['GO:0042110', 'GO:0051249']",61,34
GO:BP,GO:0051253,negative regulation of RNA metabolic process,0.037625193982144874,939,374,"['GO:0010605', 'GO:0016070', 'GO:0045934', 'GO:0051252']",252,122
GO:BP,GO:0048518,positive regulation of biological process,0.037625193982144874,4051,1475,"['GO:0008150', 'GO:0050789']",900,575
GO:BP,GO:0046634,regulation of alpha-beta T cell activation,0.037625193982144874,62,36,"['GO:0046631', 'GO:0050863']",21,15
GO:BP,GO:0006397,mRNA processing,0.037625193982144874,422,181,"['GO:0006396', 'GO:0016071']",156,25
GO:BP,GO:0045580,regulation of T cell differentiation,0.037625193982144874,105,55,"['GO:0030217', 'GO:0045619', 'GO:0050863']",40,15
GO:BP,GO:0010556,regulation of macromolecule biosynthetic process,0.03767950502793387,3170,1168,"['GO:0009059', 'GO:0009889', 'GO:0060255']",773,395
TF,TF:M03851_1,Factor: Spi-B; motif: TTCYBC; match class: 1,0.03909099633827518,11068,3817,['TF:M03851'],2075,1742
TF,TF:M02820_1,Factor: Tcfap2b; motif: NYGCCYNARGGCAN; match class: 1,0.03909099633827518,3306,1213,['TF:M02820'],674,539
TF,TF:M01160,Factor: Kid3; motif: CCACN,0.03909099633827518,11078,3820,['TF:M00000'],2076,1744
TF,TF:M00446_1,Factor: Spz1; motif: DNNGGRGGGWWNNNN; match class: 1,0.03909099633827518,1687,645,['TF:M00446'],364,281
TF,TF:M08867,Factor: AP2; motif: GCCYGSGGSN,0.03909099633827518,5046,1817,['TF:M00000'],1065,752
TF,TF:M00189,Factor: AP-2; motif: MKCCCSCNGGCG,0.03909099633827518,5717,2048,['TF:M00000'],1180,868
TF,TF:M01199_1,Factor: RNF96; motif: BCCCGCRGCC; match class: 1,0.03909099633827518,2197,824,['TF:M01199'],518,306
TF,TF:M08867_1,Factor: AP2; motif: GCCYGSGGSN; match class: 1,0.03909099633827518,2037,769,['TF:M08867'],475,294
TF,TF:M12438,Factor: Wt1; motif: NNCCTCCCCCACNN,0.03909099633827518,3650,1333,['TF:M00000'],737,596
TF,TF:M10375_1,Factor: Sp1; motif: GGNGGGGGNGGGGGMGGGGCNGGG; match class: 1,0.03909099633827518,5041,1815,['TF:M10375'],1033,782
GO:BP,GO:0046631,alpha-beta T cell activation,0.04003844875699305,94,50,['GO:0042110'],34,16
GO:BP,GO:0035710,"CD4-positive, alpha-beta T cell activation",0.04096853554778165,67,38,['GO:0046631'],26,12
GO:BP,GO:0022407,regulation of cell-cell adhesion,0.04096853554778165,279,125,"['GO:0030155', 'GO:0098609']",77,48
GO:BP,GO:0009059,macromolecule biosynthetic process,0.04096853554778165,4466,1617,"['GO:0009058', 'GO:0043170']",1016,601
GO:CC,GO:0035097,histone methyltransferase complex,0.04335916822707133,64,38,"['GO:0005654', 'GO:0034708', 'GO:0140513']",27,11
TF,TF:M01822,Factor: CPBP; motif: SNCCCNN,0.04340550213486985,11037,3807,['TF:M00000'],2069,1738
GO:BP,GO:0006139,nucleobase-containing compound metabolic process,0.04365254025411212,3839,1399,['GO:0044238'],910,489
GO:BP,GO:1990823,response to leukemia inhibitory factor,0.04365254025411212,90,48,['GO:0034097'],32,16
GO:BP,GO:1990830,cellular response to leukemia inhibitory factor,0.04640810485981114,88,47,"['GO:0071345', 'GO:1990823']",31,16
GO:BP,GO:0051239,regulation of multicellular organismal process,0.048189699071027825,1865,705,"['GO:0032501', 'GO:0050789']",412,293
GO:BP,GO:0002684,positive regulation of immune system process,0.048189699071027825,612,251,"['GO:0002376', 'GO:0002682', 'GO:0048518']",156,95
GO:BP,GO:0009891,positive regulation of biosynthetic process,0.048189699071027825,1809,685,"['GO:0009058', 'GO:0009889', 'GO:0009893']",464,221
TF,TF:M00407,Factor: RSRFC4; motif: ANKCTAWAAATAGMHYN,0.048709817834013736,748,300,['TF:M00000'],157,143
TF,TF:M02044,Factor: YY1; motif: GCCGCCATTTTG,0.048709817834013736,3763,1369,['TF:M00000'],831,538
TF,TF:M00000,Transfac,0.048709817834013736,11086,3821,[],2077,1744
TF,TF:M00649,Factor: MAZ; motif: GGGGAGGG,0.048709817834013736,5014,1801,['TF:M00000'],996,805
TF,TF:M07300,Factor: NF-1C; motif: TTGGCNN,0.048709817834013736,3969,1440,['TF:M00000'],778,662
